PassengerId,Survived,Pclass,Name,Sex,Age,SibSp,Parch,Ticket,Fare,Cabin,Embarked
892,0,3,"Kelly, Mr. James",male,34.5,0,0,330911,7.8292,,Q
893,1,3,"Wilkes, Mrs. James (Ellen Needs)",female,47.0,1,0,363272,7.0,,S
894,0,2,"Myles, Mr. Thomas Francis",male,62.0,0,0,240276,9.6875,,Q
895,0,3,"Wirz, Mr. Albert",male,27.0,0,0,315154,8.6625,,S
896,1,3,"Hirvonen, Mrs. Alexander (Helga E Lindqvist)",female,22.0,1,1,3101298,12.2875,,S
897,0,3,"Svensson, Mr. Johan Cervin",male,14.0,0,0,7538,9.225,,S
898,1,3,"Connolly, Miss. Kate",female,30.0,0,0,330972,7.6292,,Q
899,0,2,"Caldwell, Mr. Albert Francis",male,26.0,1,1,248738,29.0,,S
900,1,3,"Abrahim, Mrs. Joseph (Sophie Halaut Easu)",female,18.0,0,0,2657,7.2292,,C
901,0,3,"Davies, Mr. John Samuel",male,21.0,2,0,A/4 48871,24.15,,S
902,0,3,"Ilieff, Mr. Ylio",male,,0,0,349220,7.8958,,S
903,0,1,"Jones, Mr. Charles Cresson",male,46.0,0,0,694,26.0,,S
905,0,2,"Howard, Mr. Benjamin",male,63.0,1,0,24065,26.0,,S
907,1,2,"del Carlo, Mrs. Sebastiano (Argenia Genovesi)",female,24.0,1,0,SC/PARIS 2167,27.7208,,C
908,0,2,"Keane, Mr. Daniel",male,35.0,0,0,233734,12.35,,Q
909,0,3,"Assaf, Mr. Gerios",male,21.0,0,0,2692,7.225,,C
910,1,3,"Ilmakangas, Miss. Ida Livija",female,27.0,1,0,STON/O2. 3101270,7.925,,S
911,1,3,"Assaf Khalil, Mrs. Mariana (Miriam"")""",female,45.0,0,0,2696,7.225,,C
912,0,1,"Rothschild, Mr. Martin",male,55.0,1,0,PC 17603,59.4,,C
913,0,3,"Olsen, Master. Artur Karl",male,9.0,0,1,C 17368,3.1708,,S
914,1,1,"Flegenheim, Mrs. Alfred (Antoinette)",female,,0,0,PC 17598,31.6833,,S
915,0,1,"Williams, Mr. Richard Norris II",male,21.0,0,1,PC 17597,61.3792,,C
917,0,3,"Robins, Mr. Alexander A",male,50.0,1,0,A/5. 3337,14.5,,S
919,0,3,"Daher, Mr. Shedid",male,22.5,0,0,2698,7.225,,C
921,0,3,"Samaan, Mr. Elias",male,,2,0,2662,21.6792,,C
922,0,2,"Louch, Mr. Charles Alexander",male,50.0,1,0,SC/AH 3085,26.0,,S
923,0,2,"Jefferys, Mr. Clifford Thomas",male,24.0,2,0,C.A. 31029,31.5,,S
924,1,3,"Dean, Mrs. Bertram (Eva Georgetta Light)",female,33.0,1,2,C.A. 2315,20.575,,S
925,1,3,"Johnston, Mrs. Andrew G (Elizabeth Lily"" Watson)""",female,,1,2,W./C. 6607,23.45,,S
927,0,3,"Katavelas, Mr. Vassilios (Catavelas Vassilios"")""",male,18.5,0,0,2682,7.2292,,C
928,1,3,"Roth, Miss. Sarah A",female,,0,0,342712,8.05,,S
929,1,3,"Cacic, Miss. Manda",female,21.0,0,0,315087,8.6625,,S
930,0,3,"Sap, Mr. Julius",male,25.0,0,0,345768,9.5,,S
931,0,3,"Hee, Mr. Ling",male,,0,0,1601,56.4958,,S
932,0,3,"Karun, Mr. Franz",male,39.0,0,1,349256,13.4167,,C
934,0,3,"Goldsmith, Mr. Nathan",male,41.0,0,0,SOTON/O.Q. 3101263,7.85,,S
935,1,2,"Corbett, Mrs. Walter H (Irene Colvin)",female,30.0,0,0,237249,13.0,,S
937,0,3,"Peltomaki, Mr. Nikolai Johannes",male,25.0,0,0,STON/O 2. 3101291,7.925,,S
939,0,3,"Shaughnessy, Mr. Patrick",male,,0,0,370374,7.75,,Q
941,1,3,"Coutts, Mrs. William (Winnie Minnie"" Treanor)""",female,36.0,0,2,C.A. 37671,15.9,,S
943,0,2,"Pulbaum, Mr. Franz",male,27.0,0,0,SC/PARIS 2168,15.0333,,C
944,1,2,"Hocking, Miss. Ellen Nellie""""",female,20.0,2,1,29105,23.0,,S
946,0,2,"Mangiavacchi, Mr. Serafino Emilio",male,,0,0,SC/A.3 2861,15.5792,,C
947,0,3,"Rice, Master. Albert",male,10.0,4,1,382652,29.125,,Q
948,0,3,"Cor, Mr. Bartol",male,35.0,0,0,349230,7.8958,,S
950,0,3,"Davison, Mr. Thomas Henry",male,,1,0,386525,16.1,,S
952,0,3,"Dika, Mr. Mirko",male,17.0,0,0,349232,7.8958,,S
953,0,2,"McCrae, Mr. Arthur Gordon",male,32.0,0,0,237216,13.5,,S
954,0,3,"Bjorklund, Mr. Ernst Herbert",male,18.0,0,0,347090,7.75,,S
955,1,3,"Bradley, Miss. Bridget Delia",female,22.0,0,0,334914,7.725,,Q
957,1,2,"Corey, Mrs. Percy C (Mary Phyllis Elizabeth Miller)",female,,0,0,F.C.C. 13534,21.0,,S
958,1,3,"Burns, Miss. Mary Delia",female,18.0,0,0,330963,7.8792,,Q
959,0,1,"Moore, Mr. Clarence Bloomfield",male,47.0,0,0,113796,42.4,,S
962,1,3,"Mulvihill, Miss. Bertha E",female,24.0,0,0,382653,7.75,,Q
963,0,3,"Minkoff, Mr. Lazar",male,21.0,0,0,349211,7.8958,,S
964,1,3,"Nieminen, Miss. Manta Josefina",female,29.0,0,0,3101297,7.925,,S
968,0,3,"Miles, Mr. Frank",male,,0,0,359306,8.05,,S
970,0,2,"Aldworth, Mr. Charles Augustus",male,30.0,0,0,248744,13.0,,S
971,1,3,"Doyle, Miss. Elizabeth",female,24.0,0,0,368702,7.75,,Q
972,0,3,"Boulos, Master. Akar",male,6.0,1,1,2678,15.2458,,C
974,0,1,"Case, Mr. Howard Brown",male,49.0,0,0,19924,26.0,,S
975,0,3,"Demetri, Mr. Marinko",male,,0,0,349238,7.8958,,S
976,0,2,"Lamb, Mr. John Joseph",male,,0,0,240261,10.7083,,Q
977,0,3,"Khalil, Mr. Betros",male,,1,0,2660,14.4542,,C
978,1,3,"Barry, Miss. Julia",female,27.0,0,0,330844,7.8792,,Q
979,1,3,"Badman, Miss. Emily Louisa",female,18.0,0,0,A/4 31416,8.05,,S
980,1,3,"O'Donoghue, Ms. Bridget",female,,0,0,364856,7.75,,Q
981,0,2,"Wells, Master. Ralph Lester",male,2.0,1,1,29103,23.0,,S
982,1,3,"Dyker, Mrs. Adolf Fredrik (Anna Elisabeth Judith Andersson)",female,22.0,1,0,347072,13.9,,S
983,0,3,"Pedersen, Mr. Olaf",male,,0,0,345498,7.775,,S
985,0,3,"Guest, Mr. Robert",male,,0,0,376563,8.05,,S
986,0,1,"Birnbaum, Mr. Jakob",male,25.0,0,0,13905,26.0,,C
987,0,3,"Tenglin, Mr. Gunnar Isidor",male,25.0,0,0,350033,7.7958,,S
989,0,3,"Makinen, Mr. Kalle Edvard",male,29.0,0,0,STON/O 2. 3101268,7.925,,S
990,1,3,"Braf, Miss. Elin Ester Maria",female,20.0,0,0,347471,7.8542,,S
991,0,3,"Nancarrow, Mr. William Henry",male,33.0,0,0,A./5. 3338,8.05,,S
993,0,2,"Weisz, Mr. Leopold",male,27.0,1,0,228414,26.0,,S
994,0,3,"Foley, Mr. William",male,,0,0,365235,7.75,,Q
995,0,3,"Johansson Palmquist, Mr. Oskar Leander",male,26.0,0,0,347070,7.775,,S
996,1,3,"Thomas, Mrs. Alexander (Thamine Thelma"")""",female,16.0,1,1,2625,8.5167,,C
997,0,3,"Holthen, Mr. Johan Martin",male,28.0,0,0,C 4001,22.525,,S
998,0,3,"Buckley, Mr. Daniel",male,21.0,0,0,330920,7.8208,,Q
999,0,3,"Ryan, Mr. Edward",male,,0,0,383162,7.75,,Q
1000,0,3,"Willer, Mr. Aaron (Abi Weller"")""",male,,0,0,3410,8.7125,,S
1002,0,2,"Stanton, Mr. Samuel Ward",male,41.0,0,0,237734,15.0458,,C
1003,1,3,"Shine, Miss. Ellen Natalia",female,,0,0,330968,7.7792,,Q
1005,1,3,"Buckley, Miss. Katherine",female,18.5,0,0,329944,7.2833,,Q
1007,0,3,"Chronopoulos, Mr. Demetrios",male,18.0,1,0,2680,14.4542,,C
1008,0,3,"Thomas, Mr. John",male,,0,0,2681,6.4375,,C
1011,1,2,"Chapman, Mrs. John Henry (Sara Elizabeth Lawry)",female,29.0,1,0,SC/AH 29037,26.0,,S
1012,1,2,"Watt, Miss. Bertha J",female,12.0,0,0,C.A. 33595,15.75,,S
1013,0,3,"Kiernan, Mr. John",male,,1,0,367227,7.75,,Q
1015,0,3,"Carver, Mr. Alfred John",male,28.0,0,0,392095,7.25,,S
1016,0,3,"Kennedy, Mr. John",male,,0,0,368783,7.75,,Q
1017,1,3,"Cribb, Miss. Laura Alice",female,17.0,0,1,371362,16.1,,S
1018,0,3,"Brobeck, Mr. Karl Rudolf",male,22.0,0,0,350045,7.7958,,S
1019,1,3,"McCoy, Miss. Alicia",female,,2,0,367226,23.25,,Q
1020,0,2,"Bowenur, Mr. Solomon",male,42.0,0,0,211535,13.0,,S
1021,0,3,"Petersen, Mr. Marius",male,24.0,0,0,342441,8.05,,S
1022,0,3,"Spinner, Mr. Henry John",male,32.0,0,0,STON/OQ. 369943,8.05,,S
1024,1,3,"Lefebre, Mrs. Frank (Frances)",female,,0,4,4133,25.4667,,S
1025,0,3,"Thomas, Mr. Charles P",male,,1,0,2621,6.4375,,C
1026,0,3,"Dintcheff, Mr. Valtcho",male,43.0,0,0,349226,7.8958,,S
1027,0,3,"Carlsson, Mr. Carl Robert",male,24.0,0,0,350409,7.8542,,S
1028,0,3,"Zakarian, Mr. Mapriededer",male,26.5,0,0,2656,7.225,,C
1029,0,2,"Schmidt, Mr. August",male,26.0,0,0,248659,13.0,,S
1030,1,3,"Drapkin, Miss. Jennie",female,23.0,0,0,SOTON/OQ 392083,8.05,,S
1031,0,3,"Goodwin, Mr. Charles Frederick",male,40.0,1,6,CA 2144,46.9,,S
1032,1,3,"Goodwin, Miss. Jessie Allis",female,10.0,5,2,CA 2144,46.9,,S
1033,1,1,"Daniels, Miss. Sarah",female,33.0,0,0,113781,151.55,,S
1035,0,2,"Beauchamp, Mr. Henry James",male,28.0,0,0,244358,26.0,,S
1036,0,1,"Lindeberg-Lind, Mr. Erik Gustaf (Mr Edward Lingrey"")""",male,42.0,0,0,17475,26.55,,S
1037,0,3,"Vander Planke, Mr. Julius",male,31.0,3,0,345763,18.0,,S
1039,0,3,"Davies, Mr. Evan",male,22.0,0,0,SC/A4 23568,8.05,,S
1040,0,1,"Crafton, Mr. John Bertram",male,,0,0,113791,26.55,,S
1041,0,2,"Lahtinen, Rev. William",male,30.0,1,1,250651,26.0,,S
1043,0,3,"Matinoff, Mr. Nicola",male,,0,0,349255,7.8958,,C
1044,0,3,"Storey, Mr. Thomas",male,60.5,0,0,3701,,,S
1045,1,3,"Klasen, Mrs. (Hulda Kristina Eugenia Lofqvist)",female,36.0,0,2,350405,12.1833,,S
1046,0,3,"Asplund, Master. Filip Oscar",male,13.0,4,2,347077,31.3875,,S
1047,0,3,"Duquemin, Mr. Joseph",male,24.0,0,0,S.O./P.P. 752,7.55,,S
1049,1,3,"Lundin, Miss. Olga Elida",female,23.0,0,0,347469,7.8542,,S
1051,1,3,"Peacock, Mrs. Benjamin (Edith Nile)",female,26.0,0,2,SOTON/O.Q. 3101315,13.775,,S
1052,1,3,"Smyth, Miss. Julia",female,,0,0,335432,7.7333,,Q
1053,0,3,"Touma, Master. Georges Youssef",male,7.0,1,1,2650,15.2458,,C
1054,1,2,"Wright, Miss. Marion",female,26.0,0,0,220844,13.5,,S
1055,0,3,"Pearce, Mr. Ernest",male,,0,0,343271,7.0,,S
1056,0,2,"Peruschitz, Rev. Joseph Maria",male,41.0,0,0,237393,13.0,,S
1057,1,3,"Kink-Heilmann, Mrs. Anton (Luise Heilmann)",female,26.0,1,1,315153,22.025,,S
1059,0,3,"Ford, Mr. Edward Watson",male,18.0,2,2,W./C. 6608,34.375,,S
1060,1,1,"Cassebeer, Mrs. Henry Arthur Jr (Eleanor Genevieve Fosdick)",female,,0,0,17770,27.7208,,C
1061,1,3,"Hellstrom, Miss. Hilda Maria",female,22.0,0,0,7548,8.9625,,S
1062,0,3,"Lithman, Mr. Simon",male,,0,0,S.O./P.P. 251,7.55,,S
1063,0,3,"Zakarian, Mr. Ortin",male,27.0,0,0,2670,7.225,,C
1064,0,3,"Dyker, Mr. Adolf Fredrik",male,23.0,1,0,347072,13.9,,S
1065,0,3,"Torfa, Mr. Assad",male,,0,0,2673,7.2292,,C
1066,0,3,"Asplund, Mr. Carl Oscar Vilhelm Gustafsson",male,40.0,1,5,347077,31.3875,,S
1067,1,2,"Brown, Miss. Edith Eileen",female,15.0,0,2,29750,39.0,,S
1068,1,2,"Sincock, Miss. Maude",female,20.0,0,0,C.A. 33112,36.75,,S
1072,0,2,"McCrie, Mr. James Matthew",male,30.0,0,0,233478,13.0,,S
1075,0,3,"Lane, Mr. Patrick",male,,0,0,7935,7.75,,Q
1077,0,2,"Maybery, Mr. Frank Hubert",male,40.0,0,0,239059,16.0,,S
1078,1,2,"Phillips, Miss. Alice Frances Louisa",female,21.0,0,1,S.O./P.P. 2,21.0,,S
1079,0,3,"Davies, Mr. Joseph",male,17.0,2,0,A/4 48873,8.05,,S
1080,1,3,"Sage, Miss. Ada",female,,8,2,CA. 2343,69.55,,S
1081,0,2,"Veal, Mr. James",male,40.0,0,0,28221,13.0,,S
1082,0,2,"Angle, Mr. William A",male,34.0,1,0,226875,26.0,,S
1083,0,1,"Salomon, Mr. Abraham L",male,,0,0,111163,26.0,,S
1084,0,3,"van Billiard, Master. Walter John",male,11.5,1,1,A/5. 851,14.5,,S
1085,0,2,"Lingane, Mr. John",male,61.0,0,0,235509,12.35,,Q
1086,0,2,"Drew, Master. Marshall Brines",male,8.0,0,2,28220,32.5,,S
1087,0,3,"Karlsson, Mr. Julius Konrad Eugen",male,33.0,0,0,347465,7.8542,,S
1089,1,3,"Nilsson, Miss. Berta Olivia",female,18.0,0,0,347066,7.775,,S
1090,0,2,"Baimbrigge, Mr. Charles Robert",male,23.0,0,0,C.A. 31030,10.5,,S
1091,1,3,"Rasmussen, Mrs. (Lena Jacobsen Solvang)",female,,0,0,65305,8.1125,,S
1092,1,3,"Murphy, Miss. Nora",female,,0,0,36568,15.5,,Q
1093,0,3,"Danbom, Master. Gilbert Sigvard Emanuel",male,0.33,0,2,347080,14.4,,S
1095,1,2,"Quick, Miss. Winifred Vera",female,8.0,1,1,26360,26.0,,S
1096,0,2,"Andrew, Mr. Frank Thomas",male,25.0,0,0,C.A. 34050,10.5,,S
1097,0,1,"Omont, Mr. Alfred Fernand",male,,0,0,F.C. 12998,25.7417,,C
1098,1,3,"McGowan, Miss. Katherine",female,35.0,0,0,9232,7.75,,Q
1099,0,2,"Collett, Mr. Sidney C Stuart",male,24.0,0,0,28034,10.5,,S
1101,0,3,"Delalic, Mr. Redjo",male,25.0,0,0,349250,7.8958,,S
1102,0,3,"Andersen, Mr. Albert Karvin",male,32.0,0,0,C 4001,22.525,,S
1103,0,3,"Finoli, Mr. Luigi",male,,0,0,SOTON/O.Q. 3101308,7.05,,S
1104,0,2,"Deacon, Mr. Percy William",male,17.0,0,0,S.O.C. 14879,73.5,,S
1105,1,2,"Howard, Mrs. Benjamin (Ellen Truelove Arman)",female,60.0,1,0,24065,26.0,,S
1106,1,3,"Andersson, Miss. Ida Augusta Margareta",female,38.0,4,2,347091,7.775,,S
1108,1,3,"Mahon, Miss. Bridget Delia",female,,0,0,330924,7.8792,,Q
1109,0,1,"Wick, Mr. George Dennick",male,57.0,1,1,36928,164.8667,,S
1111,0,3,"Thomson, Mr. Alexander Morrison",male,,0,0,32302,8.05,,S
1112,1,2,"Duran y More, Miss. Florentina",female,30.0,1,0,SC/PARIS 2148,13.8583,,C
1113,0,3,"Reynolds, Mr. Harold J",male,21.0,0,0,342684,8.05,,S
1115,0,3,"Karlsson, Mr. Einar Gervasius",male,21.0,0,0,350053,7.7958,,S
1116,1,1,"Candee, Mrs. Edward (Helen Churchill Hungerford)",female,53.0,0,0,PC 17606,27.4458,,C
1117,1,3,"Moubarek, Mrs. George (Omine Amenia"" Alexander)""",female,,0,2,2661,15.2458,,C
1118,0,3,"Asplund, Mr. Johan Charles",male,23.0,0,0,350054,7.7958,,S
1119,1,3,"McNeill, Miss. Bridget",female,,0,0,370368,7.75,,Q
1120,0,3,"Everett, Mr. Thomas James",male,40.5,0,0,C.A. 6212,15.1,,S
1121,0,2,"Hocking, Mr. Samuel James Metcalfe",male,36.0,0,0,242963,13.0,,S
1122,0,2,"Sweet, Mr. George Frederick",male,14.0,0,0,220845,65.0,,S
1123,1,1,"Willard, Miss. Constance",female,21.0,0,0,113795,26.55,,S
1124,0,3,"Wiklund, Mr. Karl Johan",male,21.0,1,0,3101266,6.4958,,S
1125,0,3,"Linehan, Mr. Michael",male,,0,0,330971,7.8792,,Q
1127,0,3,"Vendel, Mr. Olof Edvin",male,20.0,0,0,350416,7.8542,,S
1129,0,3,"Baccos, Mr. Raffull",male,20.0,0,0,2679,7.225,,C
1130,1,2,"Hiltunen, Miss. Marta",female,18.0,1,1,250650,13.0,,S
1132,1,1,"Lindstrom, Mrs. Carl Johan (Sigrid Posse)",female,55.0,0,0,112377,27.7208,,C
1133,1,2,"Christy, Mrs. (Alice Frances)",female,45.0,0,2,237789,30.0,,S
1135,0,3,"Hyman, Mr. Abraham",male,,0,0,3470,7.8875,,S
1136,0,3,"Johnston, Master. William Arthur Willie""""",male,,1,2,W./C. 6607,23.45,,S
1138,1,2,"Karnes, Mrs. J Frank (Claire Bennett)",female,22.0,0,0,F.C.C. 13534,21.0,,S
1139,0,2,"Drew, Mr. James Vivian",male,42.0,1,1,28220,32.5,,S
1140,1,2,"Hold, Mrs. Stephen (Annie Margaret Hill)",female,29.0,1,0,26707,26.0,,S
1141,1,3,"Khalil, Mrs. Betros (Zahie Maria"" Elias)""",female,,1,0,2660,14.4542,,C
1142,1,2,"West, Miss. Barbara J",female,0.92,1,2,C.A. 34651,27.75,,S
1143,0,3,"Abrahamsson, Mr. Abraham August Johannes",male,20.0,0,0,SOTON/O2 3101284,7.925,,S
1145,0,3,"Salander, Mr. Karl Johan",male,24.0,0,0,7266,9.325,,S
1146,0,3,"Wenzel, Mr. Linhart",male,32.5,0,0,345775,9.5,,S
1147,0,3,"MacKay, Mr. George William",male,,0,0,C.A. 42795,7.55,,S
1148,0,3,"Mahon, Mr. John",male,,0,0,AQ/4 3130,7.75,,Q
1149,0,3,"Niklasson, Mr. Samuel",male,28.0,0,0,363611,8.05,,S
1150,1,2,"Bentham, Miss. Lilian W",female,19.0,0,0,28404,13.0,,S
1151,0,3,"Midtsjo, Mr. Karl Albert",male,21.0,0,0,345501,7.775,,S
1152,0,3,"de Messemaeker, Mr. Guillaume Joseph",male,36.5,1,0,345572,17.4,,S
1153,0,3,"Nilsson, Mr. August Ferdinand",male,21.0,0,0,350410,7.8542,,S
1154,1,2,"Wells, Mrs. Arthur Henry (Addie"" Dart Trevaskis)""",female,29.0,0,2,29103,23.0,,S
1155,1,3,"Klasen, Miss. Gertrud Emilia",female,1.0,1,1,350405,12.1833,,S
1156,0,2,"Portaluppi, Mr. Emilio Ilario Giuseppe",male,30.0,0,0,C.A. 34644,12.7375,,C
1157,0,3,"Lyntakoff, Mr. Stanko",male,,0,0,349235,7.8958,,S
1158,0,1,"Chisholm, Mr. Roderick Robert Crispin",male,,0,0,112051,0.0,,S
1159,0,3,"Warren, Mr. Charles William",male,,0,0,C.A. 49867,7.55,,S
1160,1,3,"Howard, Miss. May Elizabeth",female,,0,0,A. 2. 39186,8.05,,S
1161,0,3,"Pokrnic, Mr. Mate",male,17.0,0,0,315095,8.6625,,S
1163,0,3,"Fox, Mr. Patrick",male,,0,0,368573,7.75,,Q
1165,1,3,"Lennon, Miss. Mary",female,,1,0,370371,15.5,,Q
1166,0,3,"Saade, Mr. Jean Nassr",male,,0,0,2676,7.225,,C
1167,1,2,"Bryhl, Miss. Dagmar Jenny Ingeborg ",female,20.0,1,0,236853,26.0,,S
1168,0,2,"Parker, Mr. Clifford Richard",male,28.0,0,0,SC 14888,10.5,,S
1169,0,2,"Faunthorpe, Mr. Harry",male,40.0,1,0,2926,26.0,,S
1170,0,2,"Ware, Mr. John James",male,30.0,1,0,CA 31352,21.0,,S
1171,0,2,"Oxenham, Mr. Percy Thomas",male,22.0,0,0,W./C. 14260,10.5,,S
1172,1,3,"Oreskovic, Miss. Jelka",female,23.0,0,0,315085,8.6625,,S
1173,0,3,"Peacock, Master. Alfred Edward",male,0.75,1,1,SOTON/O.Q. 3101315,13.775,,S
1174,1,3,"Fleming, Miss. Honora",female,,0,0,364859,7.75,,Q
1175,1,3,"Touma, Miss. Maria Youssef",female,9.0,1,1,2650,15.2458,,C
1176,1,3,"Rosblom, Miss. Salli Helena",female,2.0,1,1,370129,20.2125,,S
1177,0,3,"Dennis, Mr. William",male,36.0,0,0,A/5 21175,7.25,,S
1178,0,3,"Franklin, Mr. Charles (Charles Fardon)",male,,0,0,SOTON/O.Q. 3101314,7.25,,S
1181,0,3,"Ford, Mr. Arthur",male,,0,0,A/5 1478,8.05,,S
1182,0,1,"Rheims, Mr. George Alexander Lucien",male,,0,0,PC 17607,39.6,,S
1183,1,3,"Daly, Miss. Margaret Marcella Maggie""""",female,30.0,0,0,382650,6.95,,Q
1184,0,3,"Nasr, Mr. Mustafa",male,,0,0,2652,7.2292,,C
1186,0,3,"Wittevrongel, Mr. Camille",male,36.0,0,0,345771,9.5,,S
1187,0,3,"Angheloff, Mr. Minko",male,26.0,0,0,349202,7.8958,,S
1188,1,2,"Laroche, Miss. Louise",female,1.0,1,2,SC/Paris 2123,41.5792,,C
1189,0,3,"Samaan, Mr. Hanna",male,,2,0,2662,21.6792,,C
1190,0,1,"Loring, Mr. Joseph Holland",male,30.0,0,0,113801,45.5,,S
1191,0,3,"Johansson, Mr. Nils",male,29.0,0,0,347467,7.8542,,S
1192,0,3,"Olsson, Mr. Oscar Wilhelm",male,32.0,0,0,347079,7.775,,S
1194,0,2,"Phillips, Mr. Escott Robert",male,43.0,0,1,S.O./P.P. 2,21.0,,S
1195,0,3,"Pokrnic, Mr. Tome",male,24.0,0,0,315092,8.6625,,S
1196,1,3,"McCarthy, Miss. Catherine Katie""""",female,,0,0,383123,7.75,,Q
1199,0,3,"Aks, Master. Philip Frank",male,0.83,0,1,392091,9.35,,S
1201,1,3,"Hansen, Mrs. Claus Peter (Jennie L Howard)",female,45.0,1,0,350026,14.1083,,S
1202,0,3,"Cacic, Mr. Jego Grga",male,18.0,0,0,315091,8.6625,,S
1203,0,3,"Vartanian, Mr. David",male,22.0,0,0,2658,7.225,,C
1204,0,3,"Sadowitz, Mr. Harry",male,,0,0,LP 1588,7.575,,S
1205,1,3,"Carr, Miss. Jeannie",female,37.0,0,0,368364,7.75,,Q
1207,1,3,"Hagardon, Miss. Kate",female,17.0,0,0,AQ/3. 30631,7.7333,,Q
1209,0,2,"Rogers, Mr. Reginald Harry",male,19.0,0,0,28004,10.5,,S
1210,0,3,"Jonsson, Mr. Nils Hilding",male,27.0,0,0,350408,7.8542,,S
1211,0,2,"Jefferys, Mr. Ernest Wilfred",male,22.0,2,0,C.A. 31029,31.5,,S
1212,0,3,"Andersson, Mr. Johan Samuel",male,26.0,0,0,347075,7.775,,S
1215,0,1,"Rowe, Mr. Alfred G",male,33.0,0,0,113790,26.55,,S
1216,1,1,"Kreuchen, Miss. Emilie",female,39.0,0,0,24160,211.3375,,S
1217,0,3,"Assam, Mr. Ali",male,23.0,0,0,SOTON/O.Q. 3101309,7.05,,S
1219,0,1,"Rosenshine, Mr. George (Mr George Thorne"")""",male,46.0,0,0,PC 17585,79.2,,C
1220,0,2,"Clarke, Mr. Charles Valentine",male,29.0,1,0,2003,26.0,,S
1221,0,2,"Enander, Mr. Ingvar",male,21.0,0,0,236854,13.0,,S
1222,1,2,"Davies, Mrs. John Morgan (Elizabeth Agnes Mary White) ",female,48.0,0,2,C.A. 33112,36.75,,S
1224,0,3,"Thomas, Mr. Tannous",male,,0,0,2684,7.225,,C
1225,1,3,"Nakid, Mrs. Said (Waika Mary"" Mowad)""",female,19.0,1,1,2653,15.7417,,C
1226,0,3,"Cor, Mr. Ivan",male,27.0,0,0,349229,7.8958,,S
1228,0,2,"de Brito, Mr. Jose Joaquim",male,32.0,0,0,244360,13.0,,S
1229,0,3,"Elias, Mr. Joseph",male,39.0,0,2,2675,7.2292,,C
1230,0,2,"Denbury, Mr. Herbert",male,25.0,0,0,C.A. 31029,31.5,,S
1231,0,3,"Betros, Master. Seman",male,,0,0,2622,7.2292,,C
1232,0,2,"Fillbrook, Mr. Joseph Charles",male,18.0,0,0,C.A. 15185,10.5,,S
1233,0,3,"Lundstrom, Mr. Thure Edvin",male,32.0,0,0,350403,7.5792,,S
1234,0,3,"Sage, Mr. John George",male,,1,9,CA. 2343,69.55,,S
1236,0,3,"van Billiard, Master. James William",male,,1,1,A/5. 851,14.5,,S
1237,1,3,"Abelseth, Miss. Karen Marie",female,16.0,0,0,348125,7.65,,S
1238,0,2,"Botsford, Mr. William Hull",male,26.0,0,0,237670,13.0,,S
1239,1,3,"Whabee, Mrs. George Joseph (Shawneene Abi-Saab)",female,38.0,0,0,2688,7.2292,,C
1240,0,2,"Giles, Mr. Ralph",male,24.0,0,0,248726,13.5,,S
1241,1,2,"Walcroft, Miss. Nellie",female,31.0,0,0,F.C.C. 13528,21.0,,S
1243,0,2,"Stokes, Mr. Philip Joseph",male,25.0,0,0,F.C.C. 13540,10.5,,S
1244,0,2,"Dibden, Mr. William",male,18.0,0,0,S.O.C. 14879,73.5,,S
1245,0,2,"Herman, Mr. Samuel",male,49.0,1,2,220845,65.0,,S
1246,1,3,"Dean, Miss. Elizabeth Gladys Millvina""""",female,0.17,1,2,C.A. 2315,20.575,,S
1249,0,3,"Lockyer, Mr. Edward",male,,0,0,1222,7.8792,,S
1250,0,3,"O'Keefe, Mr. Patrick",male,,0,0,368402,7.75,,Q
1251,1,3,"Lindell, Mrs. Edvard Bengtsson (Elin Gerda Persson)",female,30.0,1,0,349910,15.55,,S
1252,0,3,"Sage, Master. William Henry",male,14.5,8,2,CA. 2343,69.55,,S
1253,1,2,"Mallet, Mrs. Albert (Antoinette Magnin)",female,24.0,1,1,S.C./PARIS 2079,37.0042,,C
1254,1,2,"Ware, Mrs. John James (Florence Louise Long)",female,31.0,0,0,CA 31352,21.0,,S
1255,0,3,"Strilic, Mr. Ivan",male,27.0,0,0,315083,8.6625,,S
1257,1,3,"Sage, Mrs. John (Annie Bullen)",female,,1,9,CA. 2343,69.55,,S
1258,0,3,"Caram, Mr. Joseph",male,,1,0,2689,14.4583,,C
1259,1,3,"Riihivouri, Miss. Susanna Juhantytar Sanni""""",female,22.0,0,0,3101295,39.6875,,S
1260,1,1,"Gibson, Mrs. Leonard (Pauline C Boeson)",female,45.0,0,1,112378,59.4,,C
1261,0,2,"Pallas y Castello, Mr. Emilio",male,29.0,0,0,SC/PARIS 2147,13.8583,,C
1262,0,2,"Giles, Mr. Edgar",male,21.0,1,0,28133,11.5,,S
1265,0,2,"Harbeck, Mr. William H",male,44.0,0,0,248746,13.0,,S
1267,1,1,"Bowen, Miss. Grace Scott",female,45.0,0,0,PC 17608,262.375,,C
1268,1,3,"Kink, Miss. Maria",female,22.0,2,0,315152,8.6625,,S
1269,0,2,"Cotterill, Mr. Henry Harry""""",male,21.0,0,0,29107,11.5,,S
1271,0,3,"Asplund, Master. Carl Edgar",male,5.0,4,2,347077,31.3875,,S
1272,0,3,"O'Connor, Mr. Patrick",male,,0,0,366713,7.75,,Q
1273,0,3,"Foley, Mr. Joseph",male,26.0,0,0,330910,7.8792,,Q
1274,1,3,"Risien, Mrs. Samuel (Emma)",female,,0,0,364498,14.5,,S
1275,1,3,"McNamee, Mrs. Neal (Eileen O'Leary)",female,19.0,1,0,376566,16.1,,S
1276,0,2,"Wheeler, Mr. Edwin Frederick""""",male,,0,0,SC/PARIS 2159,12.875,,S
1277,1,2,"Herman, Miss. Kate",female,24.0,1,2,220845,65.0,,S
1278,0,3,"Aronsson, Mr. Ernst Axel Algot",male,24.0,0,0,349911,7.775,,S
1279,0,2,"Ashby, Mr. John",male,57.0,0,0,244346,13.0,,S
1280,0,3,"Canavan, Mr. Patrick",male,21.0,0,0,364858,7.75,,Q
1281,0,3,"Palsson, Master. Paul Folke",male,6.0,3,1,349909,21.075,,S
1284,0,3,"Abbott, Master. Eugene Joseph",male,13.0,0,2,C.A. 2673,20.25,,S
1285,0,2,"Gilbert, Mr. William",male,47.0,0,0,C.A. 30769,10.5,,S
1286,0,3,"Kink-Heilmann, Mr. Anton",male,29.0,3,1,315153,22.025,,S
1288,0,3,"Colbert, Mr. Patrick",male,24.0,0,0,371109,7.25,,Q
1290,0,3,"Larsson-Rondberg, Mr. Edvard A",male,22.0,0,0,347065,7.775,,S
1291,0,3,"Conlon, Mr. Thomas Henry",male,31.0,0,0,21332,7.7333,,Q
1293,0,2,"Gale, Mr. Harry",male,38.0,1,0,28664,21.0,,S
1294,1,1,"Gibson, Miss. Dorothy Winifred",female,22.0,0,1,112378,59.4,,C
1295,0,1,"Carrau, Mr. Jose Pedro",male,17.0,0,0,113059,47.1,,S
1298,0,2,"Ware, Mr. William Jeffery",male,23.0,1,0,28666,10.5,,S
1300,1,3,"Riordan, Miss. Johanna Hannah""""",female,,0,0,334915,7.7208,,Q
1301,1,3,"Peacock, Miss. Treasteall",female,3.0,1,1,SOTON/O.Q. 3101315,13.775,,S
1302,1,3,"Naughton, Miss. Hannah",female,,0,0,365237,7.75,,Q
1304,1,3,"Henriksson, Miss. Jenny Lovisa",female,28.0,0,0,347086,7.775,,S
1305,0,3,"Spector, Mr. Woolf",male,,0,0,A.5. 3236,8.05,,S
1307,0,3,"Saether, Mr. Simon Sivertsen",male,38.5,0,0,SOTON/O.Q. 3101262,7.25,,S
1308,0,3,"Ware, Mr. Frederick",male,,0,0,359309,8.05,,S
1309,0,3,"Peter, Master. Michael J",male,,1,1,2668,22.3583,,C
